<?xml version="1.0" encoding="UTF-8"?>
<!DOCTYPE mapper
  PUBLIC "-//mybatis.org//DTD Mapper 3.0//EN"
  "http://mybatis.org/dtd/mybatis-3-mapper.dtd">
<mapper namespace = "ac.dongyang.mapper.boardMapper">

	<insert id="create">
		insert into board(title,content, writer) values (#{title},#{content},#{writer})
	</insert>
	
	<select id="read" resultType="ac.dongyang.domain.BoardVO">
		select *from board where bno=#{bno}
	</select>
	
	<update id="update">
		update board set title=#{title}, content=#{content} where bno=#{bno}
	</update>
	
	<delete id="delete">
		delete from board where bno=#{bno}
	</delete>

	<select id="listAll" resultType="ac.dongyang.domain.BoardVO">
		select *from board order by bno desc, regdate desc
	</select>
	
	<select id="listCriteria" resultType="ac.dongyang.domain.BoardVO">
		select *from board 
		order by bno desc, regdate desc 
		limit #{pageStart}, #{perPageNum} <!-- #{} 이런걸 만나면 getter를 불러옴 -->
	</select>
	
	<select id="getTotalCount" resultType="int">
		select count(*) from board
	</select>
	
	<select id="getTotalCountS" resultType="int">
		select count(*) from board where title like CONCAT('%',#{q},'%')
	</select>

	<select id="listCriteriaS" resultType="ac.dongyang.domain.BoardVO">
		select *from board 
		where title like CONCAT('%',#{q},'%')
		order by bno desc, regdate desc 
		limit #{pageStart}, #{perPageNum} <!-- #{} 이런걸 만나면 getter를 불러옴 -->
	</select>

	<update id="increaseHitCount">
		update board set viewcnt=#{viewcnt} where bno=#{bno}
	</update>
</mapper>