<?xml version="1.0" encoding="UTF-8"?>
<!DOCTYPE mapper
  PUBLIC "-//mybatis.org//DTD Mapper 3.0//EN"
  "http://mybatis.org/dtd/mybatis-3-mapper.dtd">
<mapper namespace="ac.dongyang.mapper.freeBoardMapper">

	<insert id="insert">
	
	insert into freeboard(writer,com) values(#{writer},#{com})
	
	</insert>

	<select id="select" resultType="ac.dongyang.domain.FreeBoardVO">
	
	select * from freeboard
	order by no desc
	limit 0,#{num}
	</select>
	
	<delete id="delete">
	delete from freeboard
	where no=#{no}
	</delete>
	
	<select id="selectc" resultType="int">
	select count(*) from freeboard
	</select>
	
	
</mapper>