<?xml version="1.0" encoding="UTF-8"?>
<!DOCTYPE mapper
  PUBLIC "-//mybatis.org//DTD Mapper 3.0//EN"
  "http://mybatis.org/dtd/mybatis-3-mapper.dtd">
<mapper namespace="ac.dongyang.mapper.masterMapper">

	<insert id="insert">
		insert into notice(title,content,writer) values(#{title},#{content},#{writer})
	</insert>

	<delete id="delete">
		delete from notice where no=#{no}
	</delete>
	
	<select id="select" resultType="ac.dongyang.domain.masterNoticeVO">
		select * from notice 
		order by no desc
		limit #{pageStart},#{perPageNum}
	</select>
	
	<select id="getCount" resultType="int">
	select count(*) from notice
	
	</select>
		<select id="read" resultType="ac.dongyang.domain.masterNoticeVO">
		select *from notice where no=#{no}
	</select>
	
	<delete id="deleteUser">
	delete from user where id=#{id}
	</delete>
	
	<select id="selectAllUser" resultType="ac.dongyang.domain.userVO">
	
	select * from user;
	
	</select>
	
	<select id="userCount" resultType="int">
	
	select count(*) from user;
	
	</select>
</mapper>