<?xml version="1.0" encoding="UTF-8"?>
<!DOCTYPE mapper
  PUBLIC "-//mybatis.org//DTD Mapper 3.0//EN"
  "http://mybatis.org/dtd/mybatis-3-mapper.dtd">
<mapper namespace="ac.dongynag.mapper.messageMapper">

	<insert id="insert">
	
	insert into message(sender,receiver,message) values(#{sender},#{receiver},#{message})
	
	</insert>

	<select id="selectReceive" resultType="ac.dongyang.domain.MessageVO">
	
	select * from message where receiver=#{receiver} 
	
	</select>
	
	<select id="selectSend" resultType="ac.dongyang.domain.MessageVO">
	
	select * from message where sender=#{sender}
	
	</select>
	
	<select id="getCount" resultType="int">
	
	select * from message where receiver=#{receiver}
	
	</select>
	
	<delete id="deleteAllR">
	
	delete from message where receiver=#{receiver}
	
	</delete>
	
	<delete id="deleteAllS">
	
	delete from message where sender=#{sender}
	
	</delete>
	
</mapper>