<?xml version="1.0" encoding="UTF-8"?>
<!DOCTYPE mapper
  PUBLIC "-//mybatis.org//DTD Mapper 3.0//EN"
  "http://mybatis.org/dtd/mybatis-3-mapper.dtd">
<mapper namespace = "ac.dongyang.mapper.userMapper">

	<insert id="regist">
		insert into user(id,passwd,name,phone_number) values(#{id}, #{passwd}, #{name}, #{phone_number})
	</insert>
	
	<select id="login" resultType="ac.dongyang.domain.userVO">
		select id,passwd,name from user where id=#{id} and passwd=#{passwd}
	</select>
	<select id="selectUserInfo" resultType="ac.dongyang.domain.userVO">
		select * from user where id = #{id}
	</select>

	<select id="masterLogin" resultType="ac.dongyang.domain.MasterVO">
		select * from master where id=#{id} and pw=#{pw}
	</select>
</mapper>