<?xml version="1.0" encoding="UTF-8"?>
<beans xmlns="http://www.springframework.org/schema/beans"
	xmlns:xsi="http://www.w3.org/2001/XMLSchema-instance"
	xmlns:aop="http://www.springframework.org/schema/aop"
	xmlns:jdbc="http://www.springframework.org/schema/jdbc"
	xmlns:mybatis-spring="http://mybatis.org/schema/mybatis-spring"
	xmlns:context="http://www.springframework.org/schema/context"
	xsi:schemaLocation="http://www.springframework.org/schema/jdbc http://www.springframework.org/schema/jdbc/spring-jdbc-4.3.xsd
		http://mybatis.org/schema/mybatis-spring http://mybatis.org/schema/mybatis-spring-1.2.xsd
		http://www.springframework.org/schema/beans http://www.springframework.org/schema/beans/spring-beans.xsd
		http://www.springframework.org/schema/context http://www.springframework.org/schema/context/spring-context-4.3.xsd
		http://www.springframework.org/schema/aop http://www.springframework.org/schema/aop/spring-aop-4.3.xsd">
	
	<!-- Root Context: defines shared resources visible to all other web components -->
	<bean id="datasource" class="org.springframework.jdbc.datasource.DriverManagerDataSource">
			<property name="driverClassName" value="com.mysql.jdbc.Driver"></property>
			<property name="url" value="jdbc:mysql://127.0.0.1:3306/spring?characterEncoding=UTF-8"></property>
			<property name="username" value="root"></property>
			<property name="password" value="root"></property>
	</bean>
	
	<bean id="sqlSessionFactoryBean" class="org.mybatis.spring.SqlSessionFactoryBean">
			<property name="dataSource" ref="datasource"></property> 
			<property name="configLocation" value="classpath:/mybatis-config.xml"></property> 
			<property name="mapperLocations" value="classpath:mappers/**/*Mapper.xml"></property> 
	</bean>	
	
	<bean id="session" class="org.mybatis.spring.SqlSessionTemplate"> 	
				<constructor-arg name="sqlSessionFactory" ref="sqlSessionFactoryBean"></constructor-arg>
	</bean>
	<context:component-scan base-package="ac.dongyang.persistence"></context:component-scan>	
	<context:component-scan base-package="ac.dongyang.service"></context:component-scan>	
	
</beans>
